[
  {
    "id": 9,
    "name": "Fried Eggs & Crunchy Mozzarella",
    "nameAr": "بيض مقلي وموتزاريلا مقرمشة",
    "description": "Fried eggs served with crispy fried mozzarella cheese.",
    "descriptionAr": "بيض مقلي يُقدم مع جبنة الموتزاريلا المقرمشة المقلية.",
    "price": 38,
    "category": "Breakfast",
    "categoryAr": "فطور",
    "image": "uploads/menu/fried-eggs-crunch-mozz.webp",
    "isPopular": true,
    "isSpecial": true,  
    "isHalfFull": false,
    "addons": [
      {
        "name": "Extra Mozzarella",
        "nameAr": "موتزاريلا إضافية",
        "price": 5
      },
      {
        "name": "Avocado Slice",
        "nameAr": "شريحة أفوكادو",
        "price": 6
      }
    ],
    "spiceLevelOptions": []
  },
  {
    "id": 10,
    "name": "Zatar Omelette",
    "nameAr": "عجة الزعتر",
    "description": "Fluffy omelette seasoned with aromatic za'atar spice blend.",
    "descriptionAr": "عجة هشة متبلة بخليط الزعتر العطري.",
    "price": 38,
    "category": "Breakfast",
    "categoryAr": "فطور",
    "image": "uploads/menu/zatar-omelette.webp",
    "isPopular": true,
    "isSpecial": true,
    "isHalfFull": false,
    "addons": [],
    "spiceLevelOptions": []
  },
  {
    "id": 11,
    "name": "Pastrami Scrambled Eggs",
    "nameAr": "بيض مخفوق بالباسترامي",
    "description": "Soft scrambled eggs mixed with slices of savory pastrami.",
    "descriptionAr": "بيض مخفوق ناعم ممزوج بشرائح الباسترامي اللذيذة.",
    "price": 38,
    "category": "Breakfast",
    "categoryAr": "فطور",
    "image": "https://images.pexels.com/photos/2067470/pexels-photo-2067470.jpeg",
    "isPopular": false,
    "isSpecial": false,
    "isHalfFull": false,
    "addons": [
      {
        "name": "Extra Olive Oil",
        "nameAr": "زيت زيتون إضافي",
        "price": 5
      },
      {
        "name": "Avocado Slice",
        "nameAr": "شريحة أفوكادو",
        "price": 6
      }
    ],
    "spiceLevelOptions": []
  },
  {
    "id": 12,
    "name": "Baith O Tomat",
    "nameAr": "بيض وطماطم",
    "description": "Traditional Middle Eastern eggs cooked with fresh tomatoes.",
    "descriptionAr": "بيض شرق أوسطي تقليدي مطبوخ مع الطماطم الطازجة.",
    "price": 36,
    "category": "Breakfast",
    "categoryAr": "فطور",
    "image": "https://images.pexels.com/photos/7463312/pexels-photo-7463312.jpeg?auto=compress&cs=tinysrgb&w=1260&h=750&dpr=1",
    "isPopular": false,
    "isSpecial": false,
    "isHalfFull": false,
    "addons": [
      {
        "name": "Extra Olive Oil",
        "nameAr": "زيت زيتون إضافي",
        "price": 5
      },
      {
        "name": "Avocado Slice",
        "nameAr": "شريحة أفوكادو",
        "price": 6
      }
    ],
    "spiceLevelOptions": []
  },
  {
    "id": 13,
    "name": "Lahsa",
    "nameAr": "لحسة",
    "description": "Traditional Qatari breakfast dish with meat and porridge.",
    "descriptionAr": "طبق إفطار قطري تقليدي باللحم والعصيدة.",
    "price": 38,
    "category": "Breakfast",
    "categoryAr": "فطور",
    "image": "https://makehealthyfoodrecipes.com/wp-content/uploads/2024/09/Yemeni-Lahsa-Recipe_-A-Spicy-Cheesy-Egg-Dish.jpg",
    "isPopular": false,
    "isSpecial": false,
    "isHalfFull": false,
    "addons": [],
    "spiceLevelOptions": []
  },
  {
    "id": 14,
    "name": "Balaleet",
    "nameAr": "بلاليط",
    "description": "Sweet and savory vermicelli pasta dish, often topped with an omelette.",
    "descriptionAr": "طبق شعيرية حلو ومالح، يُقدم غالباً مع العجة.",
    "price": 32,
    "category": "Breakfast",
    "categoryAr": "فطور",
    "image": "uploads/menu/balaleet.webp",
    "isPopular": true,
    "isSpecial": false,
    "isHalfFull": false,
    "addons": [
      {
        "name": "Extra Olive Oil",
        "nameAr": "زيت زيتون إضافي",
        "price": 5
      },
      {
        "name": "Avocado Slice",
        "nameAr": "شريحة أفوكادو",
        "price": 6
      }
    ],
    "spiceLevelOptions": []
  },
  {
    "id": 15,
    "name": "Beef Nashif",
    "nameAr": "نَشِف لحم",
    "description": "Dried beef cooked with spices in traditional Gulf style.",
    "descriptionAr": "لحم مجفف مطبوخ بالتوابل على الطريقة الخليجية التقليدية.",
    "price": 38,
    "category": "Dishes",
    "categoryAr": "أطباق",
    "image": "https://images.pexels.com/photos/23744962/pexels-photo-23744962/free-photo-of-meat-served-on-wooden-tray.jpeg?auto=compress&cs=tinysrgb&w=1260&h=750&dpr=1",
    "isPopular": false,
    "isSpecial": false,
    "isHalfFull": false,
    "addons": [
      {
        "name": "Extra Olive Oil",
        "nameAr": "زيت زيتون إضافي",
        "price": 5
      },
      {
        "name": "Avocado Slice",
        "nameAr": "شريحة أفوكادو",
        "price": 6
      }
    ],
    "spiceLevelOptions": [
      {
        "name": "Mild",
        "nameAr": "خفيف"
      },
      {
        "name": "Medium",
        "nameAr": "متوسط"
      },
      {
        "name": "Spicy",
        "nameAr": "حار"
      }
    ]
  },
  {
    "id": 16,
    "name": "Beef Liver",
    "nameAr": "كبدة لحم",
    "description": "Tender beef liver sautéed with spices and served hot.",
    "descriptionAr": "كبدة لحم طرية مقلية بالتوابل وتُقدم ساخنة.",
    "price": 32,
    "category": "Dishes",
    "categoryAr": "أطباق",
    "image": "https://images.pexels.com/photos/7627404/pexels-photo-7627404.jpeg?auto=compress&cs=tinysrgb&w=800",
    "isPopular": false,
    "isSpecial": false,
    "isHalfFull": false,
    "addons": [],
    "spiceLevelOptions": [
      {
        "name": "Mild",
        "nameAr": "خفيف"
      },
      {
        "name": "Medium",
        "nameAr": "متوسط"
      },
      {
        "name": "Spicy",
        "nameAr": "حار"
      }
    ]
  },
  {
    "id": 17,
    "name": "Chicken Nashif",
    "nameAr": "نَشِف دجاج",
    "description": "Dried chicken cooked with aromatic spices in Gulf style.",
    "descriptionAr": "دجاج مجفف مطبوخ بالتوابل العطرية على الطريقة الخليجية.",
    "price": 36,
    "category": "Dishes",
    "categoryAr": "أطباق",
    "image": "https://images.unsplash.com/photo-1604908177453-7462950a6a3b?ixlib=rb-4.0.3&auto=format&fit=crop&w=800&q=80",
    "isPopular": false,
    "isSpecial": false,
    "isHalfFull": false,
    "addons": [],
    "spiceLevelOptions": [
      {
        "name": "Mild",
        "nameAr": "خفيف"
      },
      {
        "name": "Medium",
        "nameAr": "متوسط"
      },
      {
        "name": "Spicy",
        "nameAr": "حار"
      }
    ]
  },
  {
    "id": 18,
    "name": "Chicken Liver",
    "nameAr": "كبدة دجاج",
    "description": "Sautéed chicken liver with onions and Middle Eastern spices.",
    "descriptionAr": "كبدة دجاج مقلية مع البصل والتوابل الشرق أوسطية.",
    "price": 32,
    "category": "Dishes",
    "categoryAr": "أطباق",
    "image": "https://images.pexels.com/photos/7474372/pexels-photo-7474372.jpeg?auto=compress&cs=tinysrgb&w=1260&h=750&dpr=1",
    "isPopular": false,
    "isSpecial": false,
    "isHalfFull": false,
    "addons": [],
    "spiceLevelOptions": [
      {
        "name": "Mild",
        "nameAr": "خفيف"
      },
      {
        "name": "Medium",
        "nameAr": "متوسط"
      },
      {
        "name": "Spicy",
        "nameAr": "حار"
      }
    ]
  },
  {
    "id": 19,
    "name": "Keema",
    "nameAr": "كيمه",
    "description": "Minced meat dish cooked with peas and spices.",
    "descriptionAr": "طبق لحم مفروم مطبوخ مع البازلاء والتوابل.",
    "price": 34,
    "category": "Dishes",
    "categoryAr": "أطباق",
    "image": "https://www.allrecipes.com/thmb/F_CiD1n72W2vI5ptt4bnwT8IIIA=/1500x0/filters:no_upscale():max_bytes(150000):strip_icc()/AR-231026-keema-aloo-DDMFS-beauty-2x1-ae744af9096c48e789dcaeadfa2f7507.jpg",
    "isPopular": false,
    "isSpecial": false,
    "isHalfFull": false,
    "addons": [],
    "spiceLevelOptions": [
      {
        "name": "Mild",
        "nameAr": "خفيف"
      },
      {
        "name": "Medium",
        "nameAr": "متوسط"
      },
      {
        "name": "Spicy",
        "nameAr": "حار"
      }
    ]
  },
  {
    "id": 20,
    "name": "Hamsat Haloumi",
    "nameAr": "همسة حلوم",
    "description": "Five pieces of grilled halloumi cheese with herbs.",
    "descriptionAr": "خمس قطع من جبنة الحلوم المشوية مع الأعشاب.",
    "price": 35,
    "category": "Dishes",
    "categoryAr": "أطباق",
    "image": "uploads/menu/lahsat-haloumi.webp",
    "isPopular": true,
    "isSpecial": true,
    "isHalfFull": false,
    "addons": [],
    "spiceLevelOptions": []
  },
  {
    "id": 21,
    "name": "Aash",
    "nameAr": "آش",
    "description": "Hearty Persian soup with beans, grains, and herbs.",
    "descriptionAr": "شوربة فارسية شهية بالفاصولياء والحبوب والأعشاب.",
    "price": 28,
    "category": "Dishes",
    "categoryAr": "أطباق",
    "image": "uploads/menu/aash.webp",
    "isPopular": false,
    "isSpecial": false,
    "isHalfFull": false,
    "addons": [],
    "spiceLevelOptions": [
      {
        "name": "Mild",
        "nameAr": "خفيف"
      },
      {
        "name": "Medium",
        "nameAr": "متوسط"
      }
    ]
  },
  {
    "id": 22,
    "name": "Pakora",
    "nameAr": "باكورا",
    "description": "Crispy vegetable fritters made with chickpea flour.",
    "descriptionAr": "فطائر خضار مقرمشة مصنوعة من دقيق الحمص.",
    "price": 24,
    "category": "Dishes",
    "categoryAr": "أطباق",
    "image": "https://images.unsplash.com/photo-1601050690597-df0568f70950?ixlib=rb-4.0.3&auto=format&fit=crop&w=800&q=80",
    "isPopular": false,
    "isSpecial": false,
    "isHalfFull": false,
    "addons": [],
    "spiceLevelOptions": [
      {
        "name": "Mild",
        "nameAr": "خفيف"
      },
      {
        "name": "Medium",
        "nameAr": "متوسط"
      },
      {
        "name": "Spicy",
        "nameAr": "حار"
      }
    ]
  },
  {
    "id": 23,
    "name": "Ribs on Hummus",
    "nameAr": "ريبس على حمص",
    "description": "Tender meat ribs served on a bed of creamy hummus.",
    "descriptionAr": "أضلاع لحم طرية تُقدم على طبقة من الحمص الكريمي.",
    "price": 32,
    "category": "Dishes",
    "categoryAr": "أطباق",
    "image": "https://images.unsplash.com/photo-1606502973842-f64bc2785fe5?ixlib=rb-4.0.3&auto=format&fit=crop&w=800&q=80",
    "isPopular": false,
    "isSpecial": false,
    "isHalfFull": false,
    "addons": [],
    "spiceLevelOptions": []
  },
  {
    "id": 24,
    "name": "Falafel Plate",
    "nameAr": "طبق فلافل",
    "description": "Crispy chickpea fritters served with tahini sauce and accompaniments.",
    "descriptionAr": "كرات الحمص المقرمشة تُقدم مع صلصة الطحينة والمقبلات.",
    "price": 26,
    "category": "Dishes",
    "categoryAr": "أطباق",
    "image": "https://toriavey.com/images/2011/01/TOA109_18-1.jpeg",
    "isPopular": false,
    "isSpecial": false,
    "isHalfFull": false,
    "addons": [],
    "spiceLevelOptions": []
  },
  {
    "id": 25,
    "name": "Qatari Foul",
    "nameAr": "فول قطري",
    "description": "Traditional fava bean dish seasoned with olive oil and spices.",
    "descriptionAr": "طبق الفول التقليدي متبل بزيت الزيتون والتوابل.",
    "price": 30,
    "category": "Dishes",
    "categoryAr": "أطباق",
    "image": "uploads/menu/qatari-foul.webp",
    "isPopular": false,
    "isSpecial": false,
    "isHalfFull": false,
    "addons": [],
    "spiceLevelOptions": [
      {
        "name": "Mild",
        "nameAr": "خفيف"
      },
      {
        "name": "Medium",
        "nameAr": "متوسط"
      }
    ]
  },
  {
    "id": 26,
    "name": "Irani Bread",
    "nameAr": "خبز إيراني",
    "description": "Traditional Persian flatbread, light and fluffy.",
    "descriptionAr": "خبز فارسي تقليدي مسطح، خفيف وهش.",
    "price": 3,
    "category": "Bread",
    "categoryAr": "خبز",
    "image": "https://images.kosher.com/details.slide/n/a/naan_shutterstock_364884215.jpg",
    "isPopular": false,
    "isSpecial": false,
    "isHalfFull": false,
    "addons": [],
    "spiceLevelOptions": []
  },
  {
    "id": 27,
    "name": "Paratha Plain",
    "nameAr": "براتا سادة",
    "description": "Flaky, layered flatbread cooked on a griddle.",
    "descriptionAr": "خبز مسطح مقرمش ومطبق مطبوخ على الصاج.",
    "price": 3,
    "category": "Bread",
    "categoryAr": "خبز",
    "image": "https://www.myplantifulcooking.com/wp-content/uploads/2022/01/plain-parathas-featured.jpg",
    "isPopular": false,
    "isSpecial": false,
    "isHalfFull": false,
    "addons": [],
    "spiceLevelOptions": []
  },
  {
    "id": 28,
    "name": "Sheermal Bread",
    "nameAr": "خبز شيرمال",
    "description": "Saffron-flavored, slightly sweet flatbread.",
    "descriptionAr": "خبز مسطح بنكهة الزعفران، حلو قليلاً.",
    "price": 4,
    "category": "Bread",
    "categoryAr": "خبز",
    "image": "https://images.pexels.com/photos/1775043/pexels-photo-1775043.jpeg?auto=compress&cs=tinysrgb&w=800",
    "isPopular": false,
    "isSpecial": false,
    "isHalfFull": false,
    "addons": [],
    "spiceLevelOptions": []
  },
  {
    "id": 29,
    "name": "Rahash Bomb",
    "nameAr": "قنبلة رهش",
    "description": "Decadent dessert featuring rahash halva and chocolate.",
    "descriptionAr": "حلوى فاخرة تحتوي على حلاوة الرهش والشوكولاتة.",
    "price": 38,
    "category": "Desserts",
    "categoryAr": "حلويات",
    "image": "uploads/menu/rahash-bomb.webp",
    "isPopular": false,
    "isSpecial": false,
    "isHalfFull": false,
    "addons": [],
    "spiceLevelOptions": []
  },
  {
    "id": 30,
    "name": "Cake Balls - Oreo",
    "nameAr": "كرات الكيك - أوريو",
    "description": "Sweet bite-sized cake balls with Oreo flavor.",
    "descriptionAr": "كرات كيك حلوة بحجم اللقمة بنكهة الأوريو.",
    "price": 12,
    "category": "Desserts",
    "categoryAr": "حلويات",
    "image": "uploads/menu/cake-balls-12.webp",
    "isPopular": false,
    "isSpecial": false,
    "isHalfFull": false,
    "addons": [],
    "spiceLevelOptions": []
  },
  {
    "id": 31,
    "name": "Cake Balls - Pistachio",
    "nameAr": "كرات الكيك - فستق",
    "description": "Sweet bite-sized cake balls with pistachio flavor.",
    "descriptionAr": "كرات كيك حلوة بحجم اللقمة بنكهة الفستق.",
    "price": 12,
    "category": "Desserts",
    "categoryAr": "حلويات",
    "image": "uploads/menu/cake-balls-12.webp",
    "isPopular": false,
    "isSpecial": false,
    "isHalfFull": false,
    "addons": [],
    "spiceLevelOptions": []
  },
  {
    "id": 32,
    "name": "Cake Balls - Red Velvet",
    "nameAr": "كرات الكيك - ريد فيلفت",
    "description": "Sweet bite-sized cake balls with red velvet flavor.",
    "descriptionAr": "كرات كيك حلوة بحجم اللقمة بنكهة الريد فيلفت.",
    "price": 12,
    "category": "Desserts",
    "categoryAr": "حلويات",
    "image": "uploads/menu/cake-balls-12.webp",
    "isPopular": false,
    "isSpecial": false,
    "isHalfFull": false,
    "addons": [],
    "spiceLevelOptions": []
  },
  {
    "id": 33,
    "name": "Cake Balls - Hail o Za'fraan",
    "nameAr": "كرات الكيك - هيل وزعفران",
    "description": "Sweet bite-sized cake balls with cardamom and saffron flavor.",
    "descriptionAr": "كرات كيك حلوة بحجم اللقمة بنكهة الهيل والزعفران.",
    "price": 12,
    "category": "Desserts",
    "categoryAr": "حلويات",
    "image": "uploads/menu/cake-balls-12.webp",
    "isPopular": false,
    "isSpecial": false,
    "isHalfFull": false,
    "addons": [],
    "spiceLevelOptions": []
  },
  {
    "id": 34,
    "name": "Cupcake - Halwa",
    "nameAr": "كب كيك - حلوى",
    "description": "Soft cupcake inspired by traditional halwa flavors.",
    "descriptionAr": "كب كيك ناعم مستوحى من نكهات الحلوى التقليدية.",
    "price": 20,
    "category": "Desserts",
    "categoryAr": "حلويات",
    "image": "https://images.unsplash.com/photo-1576618148400-f54bed99fcfd?ixlib=rb-4.0.3&auto=format&fit=crop&w=800&q=80",
    "isPopular": false,
    "isSpecial": false,
    "isHalfFull": false,
    "addons": [],
    "spiceLevelOptions": []
  },
  {
    "id": 35,
    "name": "Cupcake - Chocolate Peanut Butter",
    "nameAr": "كب كيك - شوكولاتة مع زبدة الفول السوداني",
    "description": "Rich chocolate cupcake with peanut butter frosting.",
    "descriptionAr": "كب كيك شوكولاتة غني مع كريمة زبدة الفول السوداني.",
    "price": 20,
    "category": "Desserts",
    "categoryAr": "حلويات",
    "image": "https://images.unsplash.com/photo-1603532648955-039310d9ed75?ixlib=rb-4.0.3&auto=format&fit=crop&w=800&q=80",
    "isPopular": false,
    "isSpecial": false,
    "isHalfFull": false,
    "addons": [],
    "spiceLevelOptions": []
  },
  {
    "id": 36,
    "name": "Luqaimat Cake",
    "nameAr": "كيك لقيمات",
    "description": "Cake inspired by traditional Arabic sweet dumplings.",
    "descriptionAr": "كيك مستوحى من اللقيمات العربية الحلوة التقليدية.",
    "price": 30,
    "category": "Desserts",
    "categoryAr": "حلويات",
    "image": "uploads/menu/luqaimat.webp",
    "isPopular": false,
    "isSpecial": false,
    "isHalfFull": false,
    "addons": [],
    "spiceLevelOptions": []
  },
  {
    "id": 37,
    "name": "Dates Cake",
    "nameAr": "كيك تمر",
    "description": "Moist cake made with dates and spices.",
    "descriptionAr": "كيك رطب مصنوع من التمر والتوابل.",
    "price": 30,
    "category": "Desserts",
    "categoryAr": "حلويات",
    "image": "uploads/menu/dates-cake.webp",
    "isPopular": false,
    "isSpecial": false,
    "isHalfFull": false,
    "addons": [],
    "spiceLevelOptions": []
  },
  {
    "id": 38,
    "name": "Om Ali",
    "nameAr": "أم علي",
    "description": "Traditional Egyptian bread pudding with nuts and raisins.",
    "descriptionAr": "بودينغ الخبز المصري التقليدي بالمكسرات والزبيب.",
    "price": 30,
    "category": "Desserts",
    "categoryAr": "حلويات",
    "image": "uploads/menu/om-ali.webp",
    "isPopular": false,
    "isSpecial": false,
    "isHalfFull": false,
    "addons": [],
    "spiceLevelOptions": []
  },
  {
    "id": 39,
    "name": "Elbah",
    "nameAr": "اللبة",
    "description": "Traditional Middle Eastern dessert with cream and honey.",
    "descriptionAr": "حلوى شرق أوسطية تقليدية بالكريمة والعسل.",
    "price": 28,
    "category": "Desserts",
    "categoryAr": "حلويات",
    "image": "uploads/menu/elbah-1.webp",
    "isPopular": false,
    "isSpecial": false,
    "isHalfFull": false,
    "addons": [],
    "spiceLevelOptions": []
  },
  {
    "id": 40,
    "name": "Asidah",
    "nameAr": "عصيدة",
    "description": "Sweet wheat pudding topped with honey and ghee.",
    "descriptionAr": "بودينغ القمح الحلو مغطى بالعسل والسمن.",
    "price": 26,
    "category": "Desserts",
    "categoryAr": "حلويات",
    "image": "https://images.pexels.com/photos/7474272/pexels-photo-7474272.jpeg?auto=compress&cs=tinysrgb&w=800",
    "isPopular": false,
    "isSpecial": false,
    "isHalfFull": false,
    "addons": [],
    "spiceLevelOptions": []
  },
  {
    "id": 41,
    "name": "Hibiscus",
    "nameAr": "كركديه",
    "description": "Refreshing cold drink made from hibiscus flowers.",
    "descriptionAr": "مشروب بارد منعش مصنوع من أزهار الكركديه.",
    "price": 25,
    "category": "Cold Drinks",
    "categoryAr": "مشروبات باردة",
    "image": "https://assets.clevelandclinic.org/transform/53cee1e5-d7b3-44b0-a5ad-bd37043429b5/HibiscusTea-1351167352-770x533-1_jpg",
    "isPopular": false,
    "isSpecial": false,
    "isHalfFull": false,
    "addons": [],
    "spiceLevelOptions": []
  },
  {
    "id": 42,
    "name": "Cocktail Layers",
    "nameAr": "طبقات كوكتيل",
    "description": "Layered fruit juice mocktail with vibrant colors.",
    "descriptionAr": "موكتيل عصائر فواكه متعدد الطبقات بألوان زاهية.",
    "price": 28,
    "category": "Cold Drinks",
    "categoryAr": "مشروبات باردة",
    "image": "https://www.craftginclub.co.uk/_next/image?url=https%3A%2F%2Fimages.prismic.io%2Fcgc-web%2FZGVkZTU3NmQtOTI2Ni00MjM0LWE4Y2MtY2U2MTczNmFhNThj_layeredcocktail.jpg%3Fauto%3Dcompress%2Cformat%26rect%3D0%2C0%2C1200%2C600%26w%3D1200%26h%3D600&w=2058&q=75",
    "isPopular": false,
    "isSpecial": false,
    "isHalfFull": false,
    "addons": [],
    "spiceLevelOptions": []
  },
  {
    "id": 43,
    "name": "Lemon Mint",
    "nameAr": "ليمون بالنعناع",
    "description": "Refreshing cold drink with fresh lemon juice and mint leaves.",
    "descriptionAr": "مشروب بارد منعش بعصير الليمون الطازج وأوراق النعناع.",
    "price": 25,
    "category": "Cold Drinks",
    "categoryAr": "مشروبات باردة",
    "image": "https://images.unsplash.com/photo-1556679343-c7306c1976bc?ixlib=rb-4.0.3&auto=format&fit=crop&w=800&q=80",
    "isPopular": false,
    "isSpecial": false,
    "isHalfFull": false,
    "addons": [],
    "spiceLevelOptions": []
  },
  {
    "id": 44,
    "name": "Pomegranate",
    "nameAr": "رمان",
    "description": "Fresh-squeezed pomegranate juice.",
    "descriptionAr": "عصير رمان طازج معصور.",
    "price": 25,
    "category": "Cold Drinks",
    "categoryAr": "مشروبات باردة",
    "image": "https://images.stockcake.com/public/6/c/7/6c700625-55b8-412e-8b6d-41b1826663d7_large/pomegranate-juice-glass-stockcake.jpg",
    "isPopular": false,
    "isSpecial": false,
    "isHalfFull": false,
    "addons": [],
    "spiceLevelOptions": []
  },
  {
    "id": 45,
    "name": "Raspberry Iced Tea",
    "nameAr": "شاي مثلج بالتوت",
    "description": "Chilled tea infused with raspberry flavor.",
    "descriptionAr": "شاي مثلج منكه بطعم التوت.",
    "price": 28,
    "category": "Cold Drinks",
    "categoryAr": "مشروبات باردة",
    "image": "https://images.unsplash.com/photo-1622483767028-3f66f32aef97?ixlib=rb-4.0.3&auto=format&fit=crop&w=800&q=80",
    "isPopular": false,
    "isSpecial": false,
    "isHalfFull": false,
    "addons": [],
    "spiceLevelOptions": []
  },
  {
    "id": 46,
    "name": "Strawberry Cheesecake",
    "nameAr": "تشيز كيك فراولة",
    "description": "Creamy strawberry and cheesecake flavored cold drink.",
    "descriptionAr": "مشروب بارد كريمي بنكهة الفراولة والتشيز كيك.",
    "price": 32,
    "category": "Cold Drinks",
    "categoryAr": "مشروبات باردة",
    "image": "uploads/menu/strawberry-cheese-cake-juice.webp",
    "isPopular": false,
    "isSpecial": false,
    "isHalfFull": false,
    "addons": [],
    "spiceLevelOptions": []
  },
  {
    "id": 47,
    "name": "Laban Airan",
    "nameAr": "لبن عيران",
    "description": "Traditional yogurt-based drink with salt.",
    "descriptionAr": "مشروب تقليدي أساسه اللبن مع الملح.",
    "price": 20,
    "category": "Cold Drinks",
    "categoryAr": "مشروبات باردة",
    "image": "https://images.unsplash.com/photo-1565958011703-44f9829ba187?ixlib=rb-4.0.3&auto=format&fit=crop&w=800&q=80",
    "isPopular": false,
    "isSpecial": false,
    "isHalfFull": false,
    "addons": [],
    "spiceLevelOptions": []
  },
  {
    "id": 48,
    "name": "Orange Juice",
    "nameAr": "عصير برتقال",
    "description": "Fresh-squeezed orange juice.",
    "descriptionAr": "عصير برتقال طازج معصور.",
    "price": 25,
    "category": "Cold Drinks",
    "categoryAr": "مشروبات باردة",
    "image": "https://images.unsplash.com/photo-1600271886742-f049cd451bba?ixlib=rb-4.0.3&auto=format&fit=crop&w=800&q=80",
    "isPopular": false,
    "isSpecial": false,
    "isHalfFull": false,
    "addons": [],
    "spiceLevelOptions": []
  },
  {
    "id": 49,
    "name": "Still Water",
    "nameAr": "ماء عادي",
    "description": "Bottle of natural still water.",
    "descriptionAr": "زجاجة ماء طبيعي عادي.",
    "price": 10,
    "category": "Cold Drinks",
    "categoryAr": "مشروبات باردة",
    "image": "https://images.unsplash.com/photo-1564419320461-6870880221ad?ixlib=rb-4.0.3&auto=format&fit=crop&w=800&q=80",
    "isPopular": false,
    "isSpecial": false,
    "isHalfFull": false,
    "addons": [],
    "spiceLevelOptions": []
  },
  {
    "id": 50,
    "name": "Sparkling Water",
    "nameAr": "ماء غازي",
    "description": "Bottle of carbonated sparkling water.",
    "descriptionAr": "زجاجة ماء غازي متفحم.",
    "price": 10,
    "category": "Cold Drinks",
    "categoryAr": "مشروبات باردة",
    "image": "https://images.unsplash.com/photo-1625772299848-391b6a87d7b3?ixlib=rb-4.0.3&auto=format&fit=crop&w=800&q=80",
    "isPopular": false,
    "isSpecial": false,
    "isHalfFull": false,
    "addons": [],
    "spiceLevelOptions": []
  },
  {
    "id": 51,
    "name": "Qatari Coffee Dallah",
    "nameAr": "دلة قهوة قطرية",
    "description": "Traditional Qatari coffee served in a dallah pot with dates.",
    "descriptionAr": "قهوة قطرية تقليدية تُقدم في دلة مع التمر.",
    "price": 35,
    "category": "Hot Drinks",
    "categoryAr": "مشروبات ساخنة",
    "image": "uploads/menu/qatari-coffee.webp",
    "isPopular": false,
    "isSpecial": false,
    "isHalfFull": false,
    "addons": [],
    "spiceLevelOptions": []
  },
  {
    "id": 52,
    "name": "Karak",
    "nameAr": "كرك",
    "description": "Strong spiced tea with milk, popular in Qatar.",
    "descriptionAr": "شاي قوي بالتوابل والحليب، شائع في قطر.",
    "price": 18,
    "category": "Hot Drinks",
    "categoryAr": "مشروبات ساخنة",
    "image": "uploads/menu/karak.webp",
    "isPopular": false,
    "isSpecial": false,
    "isHalfFull": false,
    "addons": [
      {
        "name": "Extra Cardamom",
        "nameAr": "هيل إضافي",
        "price": 2
      },
      {
        "name": "Saffron",
        "nameAr": "زعفران",
        "price": 3
      }
    ],
    "spiceLevelOptions": []
  },
  {
    "id": 53,
    "name": "Red Tea",
    "nameAr": "شاي أحمر",
    "description": "Classic red tea served hot.",
    "descriptionAr": "شاي أحمر كلاسيكي يُقدم ساخناً.",
    "price": 15,
    "category": "Hot Drinks",
    "categoryAr": "مشروبات ساخنة",
    "image": "https://images.unsplash.com/photo-1576092768241-dec231879fc3?ixlib=rb-4.0.3&auto=format&fit=crop&w=800&q=80",
    "isPopular": false,
    "isSpecial": false,
    "isHalfFull": false,
    "addons": [],
    "spiceLevelOptions": []
  },
  {
    "id": 54,
    "name": "Loomi Tea",
    "nameAr": "شاي لومي",
    "description": "Tea infused with dried black lime, a Gulf specialty.",
    "descriptionAr": "شاي منقوع بالليمون الأسود المجفف، اختصاص خليجي.",
    "price": 15,
    "category": "Hot Drinks",
    "categoryAr": "مشروبات ساخنة",
    "image": "https://images.pexels.com/photos/1417945/pexels-photo-1417945.jpeg?auto=compress&cs=tinysrgb&w=800",
    "isPopular": false,
    "isSpecial": false,
    "isHalfFull": false,
    "addons": [],
    "spiceLevelOptions": []
  },
  {
    "id": 55,
    "name": "Turkish Coffee",
    "nameAr": "قهوة تركية",
    "description": "Strong coffee prepared in the traditional Turkish method.",
    "descriptionAr": "قهوة قوية محضرة بالطريقة التركية التقليدية.",
    "price": 15,
    "category": "Hot Drinks",
    "categoryAr": "مشروبات ساخنة",
    "image": "https://images.unsplash.com/photo-1611854779393-1b2da9d400fe?ixlib=rb-4.0.3&auto=format&fit=crop&w=800&q=80",
    "isPopular": false,
    "isSpecial": false,
    "isHalfFull": false,
    "addons": [],
    "spiceLevelOptions": []
  },
  {
    "id": 56,
    "name": "Black Coffee",
    "nameAr": "قهوة سوداء",
    "description": "Simple hot black coffee.",
    "descriptionAr": "قهوة سوداء ساخنة بسيطة.",
    "price": 15,
    "category": "Hot Drinks",
    "categoryAr": "مشروبات ساخنة",
    "image": "https://images.unsplash.com/photo-1495474472287-4d71bcdd2085?ixlib=rb-4.0.3&auto=format&fit=crop&w=800&q=80",
    "isPopular": false,
    "isSpecial": false,
    "isHalfFull": false,
    "addons": [],
    "spiceLevelOptions": []
  },
  {
    "id": 57,
    "name": "Sahlab",
    "nameAr": "سحلب",
    "description": "Warm, creamy drink made with orchid flour, topped with nuts and cinnamon.",
    "descriptionAr": "مشروب دافئ كريمي مصنوع من دقيق السحلب، مغطى بالمكسرات والقرفة.",
    "price": 18,
    "category": "Hot Drinks",
    "categoryAr": "مشروبات ساخنة",
    "image": "https://images.pexels.com/photos/4051555/pexels-photo-4051555.jpeg?auto=compress&cs=tinysrgb&w=800",
    "isPopular": false,
    "isSpecial": false,
    "isHalfFull": false,
    "addons": [],
    "spiceLevelOptions": []
  },
  {
    "id": 58,
    "name": "Ginger Honey",
    "nameAr": "زنجبيل بالعسل",
    "description": "Warming beverage with fresh ginger and honey.",
    "descriptionAr": "مشروب دافئ بالزنجبيل الطازج والعسل.",
    "price": 15,
    "category": "Hot Drinks",
    "categoryAr": "مشروبات ساخنة",
    "image": "https://images.unsplash.com/photo-1594631252845-29fc4cc8cde9?ixlib=rb-4.0.3&auto=format&fit=crop&w=800&q=80",
    "isPopular": false,
    "isSpecial": false,
    "isHalfFull": false,
    "addons": [],
    "spiceLevelOptions": []
  },
  {
    "id": 59,
    "name": "Haleeb Hiso",
    "nameAr": "حليب حِسو",
    "description": "Traditional Gulf milk drink with cardamom and saffron.",
    "descriptionAr": "مشروب حليب خليجي تقليدي بالهيل والزعفران.",
    "price": 18,
    "category": "Hot Drinks",
    "categoryAr": "مشروبات ساخنة",
    "image": "https://delishglobe.com/wp-content/uploads/2024/10/Riz-Bi-Haleeb.png",
    "isPopular": false,
    "isSpecial": false,
    "isHalfFull": false,
    "addons": [],
    "spiceLevelOptions": []
  },
  {
    "id": 60,
    "name": "Nescafe",
    "nameAr": "نسكافيه",
    "description": "Instant coffee served hot.",
    "descriptionAr": "قهوة سريعة التحضير تُقدم ساخنة.",
    "price": 15,
    "category": "Hot Drinks",
    "categoryAr": "مشروبات ساخنة",
    "image": "https://images.unsplash.com/photo-1610632380989-680fe40816c6?ixlib=rb-4.0.3&auto=format&fit=crop&w=800&q=80",
    "isPopular": false,
    "isSpecial": false,
    "isHalfFull": false,
    "addons": [],
    "spiceLevelOptions": []
  },
  {
    "id": 61,
    "name": "Capuccino",
    "nameAr": "كابتشينو",
    "description": "Classic Italian coffee with steamed milk and foam.",
    "descriptionAr": "قهوة إيطالية كلاسيكية بالحليب المبخر والرغوة.",
    "price": 15,
    "category": "Hot Drinks",
    "categoryAr": "مشروبات ساخنة",
    "image": "https://images.unsplash.com/photo-1534778101976-62847782c213?ixlib=rb-4.0.3&auto=format&fit=crop&w=800&q=80",
    "isPopular": false,
    "isSpecial": false,
    "isHalfFull": false,
    "addons": [],
    "spiceLevelOptions": []
  }
]